{
    "accuracy": 0.8745644599303136,
    "report": {
        "0": {
            "precision": 0.8919293820933165,
            "recall": 0.9506720430107527,
            "f1-score": 0.9203643461288223,
            "support": 7440.0
        },
        "1": {
            "precision": 0.7992341356673961,
            "recall": 0.6302847282139775,
            "f1-score": 0.7047756874095513,
            "support": 2318.0
        },
        "accuracy": 0.8745644599303136,
        "macro avg": {
            "precision": 0.8455817588803562,
            "recall": 0.7904783856123652,
            "f1-score": 0.8125700167691868,
            "support": 9758.0
        },
        "weighted avg": {
            "precision": 0.8699097488472329,
            "recall": 0.8745644599303136,
            "f1-score": 0.8691515452565872,
            "support": 9758.0
        }
    },
    "cross_val": {
        "mean_score": 0.8652390850425592,
        "scores": [
            0.8662909836065574,
            0.8601434426229508,
            0.8662909836065574,
            0.8662224500256279,
            0.867247565351102
        ]
    }
}