{
    "accuracy": 0.8631891781102685,
    "report": {
        "0": {
            "precision": 0.8705839504674032,
            "recall": 0.9638440860215054,
            "f1-score": 0.9148434011609364,
            "support": 7440.0
        },
        "1": {
            "precision": 0.8231426692965155,
            "recall": 0.540120793787748,
            "f1-score": 0.6522531909351393,
            "support": 2318.0
        },
        "accuracy": 0.8631891781102685,
        "macro avg": {
            "precision": 0.8468633098819593,
            "recall": 0.7519824399046267,
            "f1-score": 0.7835482960480379,
            "support": 9758.0
        },
        "weighted avg": {
            "precision": 0.8593143368422631,
            "recall": 0.8631891781102685,
            "f1-score": 0.852465443864011,
            "support": 9758.0
        }
    },
    "cross_val": {
        "mean_score": 0.857348112779491,
        "scores": [
            0.8591188524590164,
            0.8519467213114754,
            0.858094262295082,
            0.8651973347001538,
            0.8523833931317273
        ]
    }
}