{
    "accuracy": 0.8005738880918221,
    "report": {
        "0": {
            "precision": 0.8260921177587844,
            "recall": 0.9353494623655914,
            "f1-score": 0.877332324760464,
            "support": 7440.0
        },
        "1": {
            "precision": 0.6394302848575713,
            "recall": 0.36798964624676445,
            "f1-score": 0.46714129244249725,
            "support": 2318.0
        },
        "accuracy": 0.8005738880918221,
        "macro avg": {
            "precision": 0.7327612013081779,
            "recall": 0.6516695543061779,
            "f1-score": 0.6722368086014806,
            "support": 9758.0
        },
        "weighted avg": {
            "precision": 0.7817508461185905,
            "recall": 0.8005738880918221,
            "f1-score": 0.779891987302681,
            "support": 9758.0
        }
    },
    "cross_val": {
        "mean_score": 0.7949370751443144,
        "scores": [
            0.795594262295082,
            0.7971311475409836,
            0.7961065573770492,
            0.7908764736032804,
            0.7949769349051768
        ]
    }
}